USE restoranas_db;
INSERT INTO klientu_tipai (pavadinimas, aprasymas, nuolaida_procentais, unikalus_kodas) VALUES
('Lojalus', 'Nuolatinis klientas su lojalumo kortele', 10.00, 'LOYAL'),
('Naujas', 'Pirmą kartą apsilankęs klientas', 0.00, 'NEW'),
('Atsitiktinis', 'Klientas be registracijos ar lojalumo kortelės', 0.00, 'CASUAL'),
('Įmonė', 'Įmonės klientas su sutartimi ar išrašoma sąskaita faktūra', 15.00, 'COMP'),
('Turistas', 'Užsienio svečias, apsiperkantis retai', 5.00, 'TOUR');
ALTER TABLE klientai
  ADD COLUMN lytis ENUM('V','M') NULL;
INSERT INTO klientai (vardas_pavarde, klientu_tipai_id, registracijos_data, gimimo_data, el_pastas, unikalus_kodas, lytis) VALUES
('Jonas Kazlauskas', 1, '2022-03-15', '1987-05-22', 'jonas.kazlauskas@example.com', 'LOY10001', 'V'),
('Agnė Petrauskaitė', 1, '2022-04-10', '1992-08-11', 'agne.petrauskaite@example.com', 'LOY10002', 'M'),
('Mantas Jankauskas', 1, '2021-11-03', '1985-02-07', 'mantas.jankauskas@example.com', 'LOY10003', 'V'),
('Eglė Žukaitė', 1, '2021-12-20', '1990-07-15', 'egle.zukaite@example.com', 'LOY10004', 'M'),
('Tomas Stankevičius', 1, '2023-01-09', '1983-03-19', 'tomas.stankevicius@example.com', 'LOY10005', 'V'),
('Laura Vaitkutė', 1, '2023-02-14', '1995-09-21', 'laura.vaitkute@example.com', 'LOY10006', 'M'),
('Andrius Balčiūnas', 1, '2022-05-18', '1988-01-30', 'andrius.balciunas@example.com', 'LOY10007', 'V'),
('Gabija Lukauskaitė', 1, '2022-07-07', '1993-06-25', 'gabija.lukauskaite@example.com', 'LOY10008', 'M'),
('Rokas Šimkus', 1, '2022-08-22', '1989-11-14', 'rokas.simkus@example.com', 'LOY10009', 'V'),
('Ieva Jakubauskaitė', 1, '2023-03-02', '1991-04-28', 'ieva.jakubauskaite@example.com', 'LOY10010', 'M'),
('Karolis Kavaliauskas', 1, '2022-09-11', '1986-10-02', 'karolis.kavaliauskas@example.com', 'LOY10011', 'V'),
('Rūta Norkutė', 1, '2021-06-19', '1994-01-19', 'ruta.norkute@example.com', 'LOY10012', 'M'),
('Darius Žiogas', 1, '2021-08-27', '1982-12-05', 'darius.ziogas@example.com', 'LOY10013', 'V'),
('Greta Pociūtė', 1, '2022-10-30', '1996-02-22', 'greta.pociute@example.com', 'LOY10014', 'M'),
('Vytautas Kairys', 1, '2022-11-12', '1987-09-17', 'vytautas.kairys@example.com', 'LOY10015', 'V'),
('Monika Jurevičiūtė', 1, '2023-04-18', '1992-05-10', 'monika.jureviciute@example.com', 'LOY10016', 'M'),
('Paulius Adomaitis', 1, '2023-05-21', '1984-08-08', 'paulius.adomaitis@example.com', 'LOY10017', 'V'),
('Justina Milašiūtė', 1, '2021-07-14', '1993-07-12', 'justina.milasiute@example.com', 'LOY10018', 'M'),
('Edvinas Česnulevičius', 1, '2022-02-25', '1989-03-03', 'edvinas.cesnulevicius@example.com', 'LOY10019', 'V'),
('Aušra Kavaliauskaitė', 1, '2022-06-29', '1995-11-23', 'ausra.kavaliauskaite@example.com', 'LOY10020', 'M'),
('Mindaugas Petrauskas', 1, '2021-09-09', '1986-06-16', 'mindaugas.petrauskas@example.com', 'LOY10021', 'V'),
('Ingrida Žukaitė', 1, '2022-12-12', '1994-04-05', 'ingrida.zukaite@example.com', 'LOY10022', 'M'),
('Saulius Jankūnas', 1, '2022-01-17', '1987-01-13', 'saulius.jankunas@example.com', 'LOY10023', 'V'),
('Lina Giedraitytė', 1, '2023-03-28', '1991-02-20', 'lina.giedraityte@example.com', 'LOY10024', 'M'),
('Arūnas Valančius', 1, '2022-04-01', '1985-09-14', 'arunas.valancius@example.com', 'LOY10025', 'V'),
('Rasa Šilinskaitė', 1, '2022-07-16', '1993-10-09', 'rasa.silinskaite@example.com', 'LOY10026', 'M'),
('Tadas Rimkevičius', 1, '2021-05-04', '1988-07-01', 'tadas.rimkevicius@example.com', 'LOY10027', 'V'),
('Viktorija Laurinaitė', 1, '2021-06-30', '1996-01-29', 'viktorija.laurinaite@example.com', 'LOY10028', 'M'),
('Martynas Urbanavičius', 1, '2023-02-10', '1984-12-27', 'martynas.urbanavicius@example.com', 'LOY10029', 'V'),
('Aistė Navickaitė', 1, '2023-05-25', '1992-03-02', 'aiste.navickaite@example.com', 'LOY10030', 'M'),
('Kęstutis Kavolis', 1, '2021-10-18', '1983-05-06', 'kestutis.kavolis@example.com', 'LOY10031', 'V'),
('Jolita Giedrytė', 1, '2022-03-07', '1990-12-30', 'jolita.giedryte@example.com', 'LOY10032', 'M'),
('Giedrius Paulauskas', 1, '2022-08-14', '1987-02-18', 'giedrius.paulauskas@example.com', 'LOY10033', 'V'),
('Sandra Vitkutė', 1, '2023-04-04', '1995-09-04', 'sandra.vitkute@example.com', 'LOY10034', 'M'),
('Rimantas Janulevičius', 1, '2021-12-23', '1986-06-08', 'rimantas.janulevicius@example.com', 'LOY10035', 'V'),
('Neringa Vaičiulytė', 1, '2022-11-30', '1993-01-15', 'neringa.vaiciulyte@example.com', 'LOY10036', 'M'),
('Donatas Žemaitis', 1, '2023-01-12', '1989-11-09', 'donatas.zemaitis@example.com', 'LOY10037', 'V'),
('Simona Blažytė', 1, '2023-02-26', '1996-08-19', 'simona.blazyte@example.com', 'LOY10038', 'M'),
('Aurimas Mikalauskas', 1, '2022-05-05', '1984-10-25', 'aurimas.mikalauskas@example.com', 'LOY10039', 'V'),
('Dovilė Jonaitytė', 1, '2022-06-17', '1991-09-12', 'dovile.jonaityte@example.com', 'LOY10040', 'M'),
('Austėja Čepaitė', 2, '2025-06-10', '1998-04-15', 'austeja.cepaite@example.com', 'LOY20001', 'M'),
('Domantas Kavaliauskas', 2, '2025-07-22', '1995-11-03', 'domantas.kavaliauskas@example.com', 'LOY20002', 'V'),
('Kamilė Petraitė', 2, '2025-05-05', '2000-02-19', 'kamile.petraite@example.com', 'LOY20003', 'M'),
('Lukas Stonys', 2, '2025-06-17', '1997-09-28', 'lukas.stonys@example.com', 'LOY20004', 'V'),
('Ieva Dainytė', 2, '2025-07-03', '1999-05-12', 'ieva.dainyte@example.com', 'LOY20005', 'M'),
('Emilija Vasiliauskaitė', 2, '2025-05-23', '2001-01-23', 'emilija.vasiliauskaite@example.com', 'LOY20006', 'M'),
('Dovydas Žilinskas', 2, '2025-05-17', '1996-06-08', 'dovydas.zilinskas@example.com', 'LOY20007', 'V'),
('Gabija Bacevičiūtė', 2, '2025-06-14', '2000-10-14', 'gabija.baceviciute@example.com', 'LOY20008', 'M'),
('Marius Butkus', 2, '2025-06-21', '1998-07-05', 'marius.butkus@example.com', 'LOY20009', 'V'),
('Ugnė Sabaliauskaitė', 2, '2025-07-28', '1999-12-02', 'ugne.sabaliauskaite@example.com', 'LOY20010', 'M'),
('Deividas Žukauskas', 2, '2025-08-07', '1997-03-16', 'deividas.zukauskas@example.com', 'LOY20011', 'V'),
('Ema Rimkutė', 2, '2025-08-14', '2001-08-27', 'ema.rimkute@example.com', 'LOY20012', 'M'),
('Karolis Mažeika', 2, '2025-08-04', '1996-09-09', 'karolis.mazeika@example.com', 'LOY20013', 'V'),
('Justė Kavaliauskaitė', 2, '2025-06-23', '1998-01-06', 'juste.kavaliauskaite@example.com', 'LOY20014', 'M'),
('Tomas Vilkas', 2, '2025-05-22', '1995-04-30', 'tomas.vilkas@example.com', 'LOY20015', 'V'),
(NULL, 3, NULL, NULL, NULL, NULL, NULL),
(NULL, 3, NULL, NULL, NULL, NULL, NULL),
(NULL, 3, NULL, NULL, NULL, NULL, NULL),
(NULL, 3, NULL, NULL, NULL, NULL, NULL),
(NULL, 3, NULL, NULL, NULL, NULL, NULL),
(NULL, 3, NULL, NULL, NULL, NULL, NULL),
(NULL, 3, NULL, NULL, NULL, NULL, NULL),
(NULL, 3, NULL, NULL, NULL, NULL, NULL),
(NULL, 3, NULL, NULL, NULL, NULL, NULL),
(NULL, 3, NULL, NULL, NULL, NULL, NULL),
(NULL, 3, NULL, NULL, NULL, NULL, NULL),
(NULL, 3, NULL, NULL, NULL, NULL, NULL),
(NULL, 3, NULL, NULL, NULL, NULL, NULL),
(NULL, 3, NULL, NULL, NULL, NULL, NULL),
(NULL, 3, NULL, NULL, NULL, NULL, NULL),
(NULL, 3, NULL, NULL, NULL, NULL, NULL),
(NULL, 3, NULL, NULL, NULL, NULL, NULL),
(NULL, 3, NULL, NULL, NULL, NULL, NULL),
(NULL, 3, NULL, NULL, NULL, NULL, NULL),
(NULL, 3, NULL, NULL, NULL, NULL, NULL),
(NULL, 3, NULL, NULL, NULL, NULL, NULL),
(NULL, 3, NULL, NULL, NULL, NULL, NULL),
(NULL, 3, NULL, NULL, NULL, NULL, NULL),
(NULL, 3, NULL, NULL, NULL, NULL, NULL),
(NULL, 3, NULL, NULL, NULL, NULL, NULL),
('UAB Maisto Rojus', 4, '2022-03-15', NULL, 'kontaktai@maistorojus.lt', NULL, NULL),
('MB Skonio Kelias', 4, '2021-11-02', NULL, 'info@skoniokelias.lt', NULL, NULL),
('UAB Biuro Pietūs', 4, '2020-06-10', NULL, 'uzsakymai@biuropietus.lt', NULL, NULL),
('UAB Skanus Kampelis', 4, '2023-01-25', NULL, 'rezervacijos@skanus.lt', NULL, NULL),
('MB Verslo Pietūs', 4, '2022-07-05', NULL, 'mb@verslopietus.lt', NULL, NULL),
('UAB Gourmet Partneriai', 4, '2021-09-18', NULL, 'sales@gourmet.lt', NULL, NULL),
('UAB Restoranų Grupė', 4, '2019-04-22', NULL, 'kontaktai@restogrupe.lt', NULL, NULL),
('MB Pietūs Darbuotojams', 4, '2023-02-14', NULL, 'info@pietusdarbuotojams.lt', NULL, NULL),
('UAB Skonio Fabrikas', 4, '2020-12-01', NULL, 'uzsakymai@skoniofabrikas.lt', NULL, NULL),
('UAB Gardu Gardu', 4, '2022-05-09', NULL, 'rezervacijos@gardugardu.lt', NULL, NULL),
('John Smith', 5, NULL, NULL, 'john.smith@gmail.com', NULL, 'V'),
('Anna Müller', 5, NULL, NULL, 'anna.mueller@yahoo.de', NULL, 'M'),
('Pierre Dubois', 5, NULL, NULL, 'pierre.dubois@hotmail.fr', NULL, 'V'),
('Maria Rossi', 5, NULL, NULL, 'maria.rossi@gmail.it', NULL, 'M'),
('David Johnson', 5, NULL, NULL, 'david.johnson@gmail.com', NULL, 'V'),
(NULL, 5, NULL, NULL, NULL, NULL, NULL),
(NULL, 5, NULL, NULL, NULL, NULL, NULL),
(NULL, 5, NULL, NULL, NULL, NULL, NULL),
(NULL, 5, NULL, NULL, NULL, NULL, NULL),
(NULL, 5, NULL, NULL, NULL, NULL, NULL);
INSERT INTO apsilankymai (klientai_id, apsilankymo_data, sveciu_skaicius, pastabos) VALUES
(  5, '2025-01-05 18:30:00', 2, 'Rezervacija internetu'),
( 12, '2025-01-08 19:15:00', 3, 'Šeimos vakarienė'),
(  7, '2025-01-12 12:45:00', 1, NULL),
( 19, '2025-01-16 20:05:00', 2, 'Romantiška vakarienė'),
( 33, '2025-01-20 18:55:00', 4, 'Draugų kompanija'),
(  2, '2025-01-24 13:10:00', 1, 'Greiti pietūs'),
( 27, '2025-01-28 19:35:00', 2, NULL),
( 14, '2025-02-02 20:20:00', 2, 'Po kino seanso'),
( 21, '2025-02-05 12:40:00', 1, NULL),
( 38, '2025-02-09 18:15:00', 3, 'Šventė šeimoje'),
( 16, '2025-02-13 19:45:00', 2, NULL),
(  8, '2025-02-17 20:30:00', 2, 'Rezervuota per appsą'),
( 25, '2025-02-22 13:50:00', 1, 'Greiti pietūs'),
( 30, '2025-02-26 19:55:00', 4, 'Šeimos susitikimas'),
( 11, '2025-03-02 20:25:00', 2, NULL),
( 35, '2025-03-06 18:35:00', 2, 'Rezervacija telefonu'),
( 18, '2025-03-10 12:20:00', 1, NULL),
( 40, '2025-03-14 19:50:00', 2, 'Romantiška vakarienė'),
( 29, '2025-03-19 20:40:00', 3, 'Draugų kompanija'),
(  9, '2025-03-23 13:00:00', 2, NULL),
(  5, '2025-05-10 18:20:00', 2, 'Romantiška vakarienė'),
(  8, '2025-05-12 12:45:00', 1, 'Greiti pietūs'),
(  3, '2025-05-14 19:10:00', 3, 'Su draugais'),
(  9, '2025-05-16 20:30:00', 4, 'Šeimos šventė'),
( 12, '2025-05-18 13:15:00', 2, NULL),
(  7, '2025-05-20 19:40:00', 2, 'Be rezervacijos'),
( 11, '2025-05-22 18:05:00', 1, NULL),
(  6, '2025-05-24 20:15:00', 2, 'Vakarienė po kino'),
(  4, '2025-05-26 14:30:00', 2, NULL),
( 10, '2025-05-28 19:55:00', 3, 'Rezervacija telefonu'),
( 13, '2025-06-02 18:25:00', 2, 'Su kolega'),
(  2, '2025-06-04 12:10:00', 1, 'Greiti pietūs'),
( 15, '2025-06-06 19:45:00', 4, 'Gimtadienio vakarėlis'),
(  1, '2025-06-08 20:10:00', 2, 'Romantiška vakarienė'),
( 14, '2025-06-10 13:20:00', 2, NULL),
(  9, '2025-06-12 19:00:00', 3, 'Šeimos pietūs'),
(  3, '2025-06-14 20:30:00', 2, NULL),
(  8, '2025-06-16 12:55:00', 1, 'Greiti pietūs'),
(  6, '2025-06-18 18:40:00', 2, NULL),
( 12, '2025-06-20 20:50:00', 3, 'Po darbo su draugais'),
( 41, '2025-06-15 18:20:00', 2, 'Pirmas vizitas po registracijos'),
( 42, '2025-07-24 19:15:00', 3, 'Atėjo su draugais'),
( 43, '2025-05-08 12:30:00', 1, 'Pirmas apsilankymas'),
( 44, '2025-06-21 18:10:00', 2, NULL),
( 45, '2025-07-06 20:30:00', 2, 'Rezervacija internetu'),
( 46, '2025-05-26 14:40:00', 3, NULL),
( 47, '2025-05-20 13:25:00', 1, NULL),
( 48, '2025-06-17 20:15:00', 2, NULL),
( 49, '2025-06-16 19:45:00', 2, 'Šeimos pietūs'),
( 50, '2025-07-31 18:25:00', 4, 'Su draugais'),
( 51, '2025-08-08 12:50:00', 1, NULL),
( 52, '2025-08-15 20:20:00', 2, NULL),
( 53, '2025-08-07 19:00:00', 2, 'Po darbo'),
( 54, '2025-06-26 18:40:00', 3, NULL),
( 55, '2025-05-24 14:35:00', 2, 'Pirmasis vizitas'),
(NULL,'2025-01-06 13:20:00', 1, 'Atsitiktinis lankytojas'),
(NULL,'2025-01-09 19:40:00', 2, NULL),
(NULL,'2025-01-12 12:15:00', 1, 'Greiti pietūs'),
(NULL,'2025-01-14 18:30:00', 3, NULL),
(NULL,'2025-01-17 20:05:00', 2, 'Be rezervacijos'),
(NULL,'2025-01-20 13:50:00', 2, NULL),
(NULL,'2025-01-22 19:10:00', 4, 'Šeimos apsilankymas'),
(NULL,'2025-01-24 14:20:00', 1, NULL),
(NULL,'2025-01-27 18:40:00', 2, NULL),
(NULL,'2025-01-29 20:25:00', 2, 'Po darbo'),
(NULL,'2025-02-01 13:05:00', 1, NULL),
(NULL,'2025-02-04 19:15:00', 3, NULL),
(NULL,'2025-02-07 20:50:00', 2, 'Be rezervacijos'),
(NULL,'2025-02-09 12:40:00', 1, NULL),
(NULL,'2025-02-12 18:10:00', 2, NULL),
(NULL,'2025-02-15 19:35:00', 2, 'Greiti pietūs'),
(NULL,'2025-02-17 20:20:00', 4, NULL),
(NULL,'2025-02-20 13:30:00', 1, NULL),
(NULL,'2025-02-22 18:50:00', 2, 'Vakarienė su draugu'),
(NULL,'2025-02-25 19:40:00', 2, NULL),
(NULL,'2025-02-27 20:15:00', 3, NULL),
(NULL,'2025-03-01 12:55:00', 1, 'Vienas lankytojas'),
(NULL,'2025-03-03 18:25:00', 2, NULL),
(NULL,'2025-03-05 19:55:00', 2, 'Be rezervacijos'),
(NULL,'2025-03-07 20:35:00', 3, NULL),
( 81, '2025-01-11 13:00:00', 6, 'Įmonės pietūs'),
( 82, '2025-02-05 12:15:00', 8, 'Kolektyvo pietūs'),
( 83, '2025-03-02 19:20:00', 5, 'Įmonės vakarienė'),
( 84, '2025-03-15 13:40:00', 10, 'Seminaro dalyviai'),
( 85, '2025-04-09 18:25:00', 7, NULL),
( 86, '2025-04-21 12:35:00', 12, 'Įmonės susitikimas'),
( 87, '2025-05-04 19:10:00', 6, NULL),
( 88, '2025-05-18 13:55:00', 9, 'Darbuotojų pietūs'),
( 89, '2025-06-12 20:40:00', 8, 'Įmonės vakarėlis'),
( 90, '2025-07-01 14:10:00', 15, 'Didelis kolektyvas'),
( 91, '2025-06-05 19:30:00', 2, 'Turistai iš Vokietijos'),
(NULL,'2025-06-08 13:20:00', 3, 'Turistų grupė'),
( 92, '2025-06-14 20:15:00', 4, NULL),
(NULL,'2025-06-19 12:50:00', 2, 'Be rezervacijos'),
( 93, '2025-06-25 18:05:00', 2, 'Rezervavo viešbutis'),
( 94, '2025-07-03 19:45:00', 5, 'Turistų šeima'),
(NULL,'2025-07-10 12:40:00', 2, NULL),
( 95, '2025-07-16 20:30:00', 3, 'Ekskursijos dalyviai'),
( 96, '2025-07-23 13:15:00', 2, NULL),
(NULL,'2025-07-30 19:55:00', 6, 'Grupė iš Lenkijos');
INSERT INTO mokejimu_tipai (pavadinimas, aprasymas) VALUES
('Kortelė', 'Apmokėta banko kortele'),
('Grynais', 'Apmokėta grynaisiais pinigais'),
('Pavedimas', 'Apmokėta banko pavedimu'),
('Dovanų čekis', 'Apmokėta dovanų čekiu arba kuponu');
INSERT INTO pardavimai (apsilankymai_id, suma_eur, data_laikas) VALUES
(  1, 42.50, '2025-01-05 18:30:00'),
(  2, 62.10, '2025-01-08 19:15:00'),
(  3, 18.90, '2025-01-12 12:45:00'),
(  4, 45.20, '2025-01-16 20:05:00'),
(  5, 96.80, '2025-01-20 18:55:00'),
(  6, 15.90, '2025-01-24 13:10:00'),
(  7, 74.30, '2025-01-28 19:35:00'),
(  8, 53.40, '2025-02-02 20:20:00'),
(  9, 17.80, '2025-02-05 12:40:00'),
( 10, 71.60, '2025-02-09 18:15:00'),
( 11, 44.90, '2025-02-13 19:45:00'),
( 12, 48.20, '2025-02-17 20:30:00'),
( 13, 16.90, '2025-02-22 13:50:00'),
( 14, 109.50,'2025-02-26 19:55:00'),
( 15, 39.80, '2025-03-02 20:25:00'),
( 16, 57.40, '2025-03-06 18:35:00'),
( 17, 21.70, '2025-03-10 12:20:00'),
( 18, 58.90, '2025-03-14 19:50:00'),
( 19, 83.20, '2025-03-19 20:40:00'),
( 20, 41.60, '2025-03-23 13:00:00'),
( 21, 49.80, '2025-05-10 18:20:00'),
( 22, 17.50, '2025-05-12 12:45:00'),
( 23, 68.40, '2025-05-14 19:10:00'),
( 24, 118.60,'2025-05-16 20:30:00'),
( 25, 42.30, '2025-05-18 13:15:00'),
( 26, 52.10, '2025-05-20 19:40:00'),
( 27, 19.20, '2025-05-22 18:05:00'),
( 28, 63.40, '2025-05-24 20:15:00'),
( 29, 58.30, '2025-05-26 14:30:00'),
( 30, 79.90, '2025-05-28 19:55:00'),
( 31, 51.70, '2025-06-02 18:25:00'),
( 32, 15.80, '2025-06-04 12:10:00'),
( 33, 126.40,'2025-06-06 19:45:00'),
( 34, 72.60, '2025-06-08 20:10:00'),
( 35, 56.20, '2025-06-10 13:20:00'),
( 36, 88.70, '2025-06-12 19:00:00'),
( 37, 64.50, '2025-06-14 20:30:00'),
( 38, 16.40, '2025-06-16 12:55:00'),
( 39, 59.30, '2025-06-18 18:40:00'),
( 40, 84.20, '2025-06-20 20:50:00'),
( 41, 52.90, '2025-06-15 18:20:00'),
( 42, 86.70, '2025-07-24 19:15:00'),
( 43, 17.20, '2025-05-08 12:30:00'),
( 44, 44.60, '2025-06-21 18:10:00'),
( 45, 62.40, '2025-07-06 20:30:00'),
( 46, 73.50, '2025-05-26 14:40:00'),
( 47, 16.80, '2025-05-20 13:25:00'),
( 48, 58.10, '2025-06-17 20:15:00'),
( 49, 64.90, '2025-06-16 19:45:00'),
( 50, 122.60,'2025-07-31 18:25:00'),
( 51, 14.50, '2025-08-08 12:50:00'),
( 52, 41.80, '2025-08-15 20:20:00'),
( 53, 52.30, '2025-08-07 19:00:00'),
( 54, 77.40, '2025-06-26 18:40:00'),
( 55, 48.70, '2025-05-24 14:35:00'),
( 56, 19.90, '2025-01-06 13:20:00'),
( 57, 34.60, '2025-01-09 19:40:00'),
( 58, 16.20, '2025-01-12 12:15:00'),
( 59, 58.20, '2025-01-14 18:30:00'),
( 60, 42.40, '2025-01-17 20:05:00'),
( 61, 33.10, '2025-01-20 13:50:00'),
( 62, 89.30, '2025-01-22 19:10:00'),
( 63, 15.40, '2025-01-24 14:20:00'),
( 64, 39.70, '2025-01-27 18:40:00'),
( 65, 41.60, '2025-01-29 20:25:00'),
( 66, 17.10, '2025-02-01 13:05:00'),
( 67, 63.80, '2025-02-04 19:15:00'),
( 68, 44.50, '2025-02-07 20:50:00'),
( 69, 15.90, '2025-02-09 12:40:00'),
( 70, 36.40, '2025-02-12 18:10:00'),
( 71, 37.90, '2025-02-15 19:35:00'),
( 72, 72.50, '2025-02-17 20:20:00'),
( 73, 14.80, '2025-02-20 13:30:00'),
( 74, 52.30, '2025-02-22 18:50:00'),
( 75, 33.90, '2025-02-25 19:40:00'),
( 76, 61.70, '2025-02-27 20:15:00'),
( 77, 19.60, '2025-03-01 12:55:00'),
( 78, 42.20, '2025-03-03 18:25:00'),
( 79, 47.10, '2025-03-05 19:55:00'),
( 80, 68.40, '2025-03-07 20:35:00'),
( 81, 132.00,'2025-01-11 13:00:00'),
( 82, 168.50,'2025-02-05 12:15:00'),
( 83, 97.40, '2025-03-02 19:20:00'),
( 84, 245.80,'2025-03-15 13:40:00'),
( 85, 118.30,'2025-04-09 18:25:00'),
( 86, 286.00,'2025-04-21 12:35:00'),
( 87, 134.20,'2025-05-04 19:10:00'),
( 88, 176.40,'2025-05-18 13:55:00'),
( 89, 164.80,'2025-06-12 20:40:00'),
( 90, 328.50,'2025-07-01 14:10:00'),
( 91, 58.40, '2025-06-05 19:30:00'),
( 92, 72.60, '2025-06-08 13:20:00'),
( 93, 96.80, '2025-06-14 20:15:00'),
( 94, 39.50, '2025-06-19 12:50:00'),
( 95, 57.20, '2025-06-25 18:05:00'),
( 96, 102.40,'2025-07-03 19:45:00'),
( 97, 33.70, '2025-07-10 12:40:00'),
( 98, 76.30, '2025-07-16 20:30:00'),
( 99, 42.20, '2025-07-23 13:15:00'),
(100, 121.60,'2025-07-30 19:55:00');
INSERT INTO mokejimai (pardavimai_id, mokejimu_tipai_id, suma_eur) VALUES
(1, 2, 42.50),
(2, 2, 62.10),
(3, 2, 18.90),
(4, 2, 45.20),
(5, 2, 96.80),
(6, 2, 15.90),
(7, 2, 74.30),
(8, 2, 53.40),
(9, 2, 17.80),
(10, 4, 71.60),
(11, 2, 44.90),
(12, 2, 48.20),
(13, 2, 16.90),
(14, 2, 109.50),
(15, 2, 39.80),
(16, 2, 57.40),
(17, 2, 21.70),
(18, 2, 58.90),
(19, 2, 83.20),
(20, 2, 41.60),
(21, 2, 49.80),
(22, 4, 17.50),
(23, 2, 68.40),
(24, 2, 118.60),
(25, 2, 42.30),
(26, 2, 52.10),
(27, 2, 19.20),
(28, 2, 63.40),
(29, 2, 58.30),
(30, 2, 79.90),
(31, 2, 51.70),
(32, 2, 15.80),
(33, 2, 126.40),
(34, 4, 72.60),
(35, 2, 56.20),
(36, 2, 88.70),
(37, 2, 64.50),
(38, 2, 16.40),
(39, 4, 59.30),
(40, 2, 84.20),
(41, 2, 52.90),
(42, 2, 86.70),
(43, 2, 17.20),
(44, 2, 44.60),
(45, 2, 62.40),
(46, 2, 73.50),
(47, 2, 16.80),
(48, 2, 58.10),
(49, 2, 64.90),
(50, 4, 122.60),
(51, 2, 14.50),
(52, 2, 41.80),
(53, 2, 52.30),
(54, 2, 77.40),
(55, 4, 48.70),
(56, 1, 19.90),
(57, 1, 34.60),
(58, 1, 16.20),
(59, 1, 58.20),
(60, 1, 42.40),
(61, 1, 33.10),
(62, 1, 89.30),
(63, 1, 15.40),
(64, 1, 39.70),
(65, 1, 41.60),
(66, 1, 17.10),
(67, 2, 63.80),
(68, 1, 44.50),
(69, 1, 15.90),
(70, 2, 36.40),
(71, 1, 37.90),
(72, 1, 72.50),
(73, 1, 14.80),
(74, 1, 52.30),
(75, 1, 33.90),
(76, 2, 61.70),
(77, 1, 19.60),
(78, 2, 42.20),
(79, 1, 47.10),
(80, 1, 68.40),
(81, 3, 132.00),
(82, 3, 168.50),
(83, 3, 97.40),
(84, 3, 245.80),
(85, 3, 118.30),
(86, 3, 286.00),
(87, 3, 134.20),
(88, 3, 176.40),
(89, 3, 164.80),
(90, 3, 328.50),
(91, 2, 58.40),
(92, 1, 72.60),
(93, 4, 96.80),
(94, 1, 39.50),
(95, 2, 57.20),
(96, 2, 102.40),
(97, 1, 33.70),
(98, 2, 76.30),
(99, 1, 42.20),
(100, 2, 121.60);
INSERT INTO patiekalu_tipai (pavadinimas, aprasymas) VALUES
('Sriubos', 'Įvairios dienos sriubos ir troškiniai'),
('Salotos', 'Šviežių daržovių ir mišrainės patiekalai'),
('Grill patiekalai', 'Ant grotelių kepta mėsa, žuvis, daržovės'),
('Makaronai', 'Įvairūs itališki makaronų patiekalai'),
('Pizza', 'Tradicinės ir gurmaniškos picos'),
('Burgeriai', 'Mėsainiai su įvairiais priedais'),
('Žuvies patiekalai', 'Kepta, troškinta ar kepta žuvis'),
('Vegetariški patiekalai', 'Patiekalai be mėsos'),
('Užkandžiai', 'Karšti ir šalti užkandžiai'),
('Desertai', 'Pyragai, ledai, keksiukai, kiti saldumynai'),
('Karšti gėrimai', 'Kava, arbata, kakava'),
('Gaivieji gėrimai', 'Sultys, limonadai, vanduo'),
('Alkoholiniai gėrimai', 'Vynas, alus, stiprieji gėrimai, kokteiliai');
INSERT INTO patiekalai (pavadinimas, aprasymas, kaina, patiekalu_tipai_id) VALUES
('Šaltibarščiai', 'Tradicinė lietuviška burokėlių sriuba su bulvėmis', 4.20, 1),
('Vištienos sultinys', 'Lengva, skaidri sriuba su makaronais', 3.80, 1),
('Moliūgų kreminė', 'Švelni, su moliūgais ir grietinėle', 4.50, 1),
('Žuvienė', 'Lengvai aštri sriuba su žuvimi ir daržovėmis', 5.20, 1),
('Minestrone', 'Daržovių sriuba su pupelėmis ir makaronais', 4.60, 1),
('Grybų sriuba', 'Kreminė, su miško grybais', 4.90, 1),
('Cezario salotos', 'Su vištiena, parmezanu ir skrebučiais', 7.50, 2),
('Graikiškos salotos', 'Fetos sūris, alyvuogės, pomidorai, agurkai', 6.90, 2),
('Tuno salotos', 'Tunas, kiaušinis, pupelės, salotų lapai', 7.80, 2),
('Burokėlių salotos', 'Kepti burokėliai, ožkos sūris, rukola', 7.20, 2),
('Kvinojos salotos', 'Kvinoja, avokadas, daržovės, citrinos padažas', 8.20, 2),
('Šiltos vištienos salotos', 'Kepta vištiena, daržovės, medaus-garstyčių padažas', 8.50, 2),
('Grill kiaulienos sprandinė', 'Marinuota, patiekiama su daržovėmis', 12.90, 3),
('Grill vištienos krūtinėlė', 'Sultinga, su česnakiniu padažu', 11.50, 3),
('Grill lašiša', 'Lašišos filė ant grotelių su citrina', 16.50, 3),
('Grill jautienos antrekotas', 'Vidutiniškai keptas antrekotas', 19.90, 3),
('Kiaulienos šašlykas', 'Klasikinis, su marinuotais svogūnais', 12.50, 3),
('Grill daržovės', 'Cukinija, paprika, baklažanas, kukurūzas', 7.90, 3),
('Grill kalakutiena', 'Lengva ir sultinga, su žolelių sviestu', 12.80, 3),
('BBQ šonkauliai', 'Lėtai kepti, BBQ padažas', 15.90, 3),
('Spagečiai Carbonara', 'Šoninė, kiaušinio trynys, parmezanas', 9.80, 4),
('Tagliatelle su grybais', 'Grietinėlės padažas, pievagrybiai', 9.50, 4),
('Penne Arrabbiata', 'Aštrus pomidorų padažas, česnakas, čili', 8.90, 4),
('Lazanija Bolonezė', 'Sluoksniuota, su jautiena ir bešameliu', 11.50, 4),
('Spagečiai su jūrų gėrybėmis', 'Krevetės, midijos, česnakas', 13.50, 4),
('Ravioli su rikota', 'Sviesto-šalavijų padažas', 10.20, 4),
('Margherita', 'Pomidorai, mocarela, bazilikas', 8.90, 5),
('Pepperoni', 'Aštrioji kumpio dešra, mocarela', 10.20, 5),
('Capricciosa', 'Kumpis, pievagrybiai, alyvuogės', 10.50, 5),
('Quattro Formaggi', 'Keturi sūriai, kreminė tekstūra', 11.20, 5),
('Havajų', 'Kumpis, ananasai, mocarela', 9.90, 5),
('Vegetariana', 'Daržovės, mocarela, pomidorų padažas', 9.80, 5),
('Diavola', 'Aštrokas saliamis, čili, mocarela', 10.90, 5),
('Prosciutto e Rucola', 'Žalias kumpis, rukola, parmezanas', 11.50, 5),
('Klasikinis burgeris', 'Jautiena, sūris, salotos, padažai', 9.80, 6),
('BBQ burgeris', 'BBQ padažas, rauginti agurkėliai, sūris', 10.50, 6),
('Vištienos burgeris', 'Traški vištiena, coleslaw', 9.50, 6),
('Halloumi burgeris', 'Vegetariškas, su halloumi sūriu', 9.20, 6),
('Dvigubas sūrio burgeris', 'Du jautienos kotletai, dvigubas sūris', 12.50, 6),
('Aštrus jalapeno burgeris', 'Jalapeno, sriracha majonezas', 10.90, 6),
('Kepta menkė', 'Traški plutelė, citrininis padažas', 13.90, 7),
('Lašiša su sviesto padažu', 'Orkaitėje kepta, su daržovėmis', 16.20, 7),
('Tunas medium rare', 'Ant grotelių, sezamo padažas', 17.90, 7),
('Jūros lydeka', 'Lengva ir švelni, garuose', 12.90, 7),
('Krevetės česnakiniame svieste', 'Su rukola ir citrina', 14.50, 7),
('Žuvies kotletai', 'Namų gamybos, su bulvių koše', 11.20, 7),
('Daržovių troškinys', 'Pupelės, cukinija, paprika, pomidorai', 7.80, 8),
('Falafel dubenėlis', 'Humusas, tabule, pita', 8.50, 8),
('Keptas baklažanas', 'Su pomidorų padažu ir fetos sūriu', 8.90, 8),
('Tofu stir-fry', 'Daržovės wok, sojos padažas', 9.20, 8),
('Grill halloumi lėkštė', 'Su daržovėmis ir jogurto padažu', 9.50, 8),
('Vegetariškas kario troškinys', 'Kokosų pienas, daržovės, ryžiai', 9.80, 8),
('Bruschetta', 'Skrebučiai su pomidorais ir baziliku', 5.20, 9),
('Česnakinės duonos lazdelės', 'Su sūriu', 4.50, 9),
('Svogūnų žiedai', 'Traškūs, su BBQ padažu', 4.80, 9),
('Vištienos sparneliai', 'Aštrūs ar BBQ, pasirinktinai', 6.90, 9),
('Nachos', 'Sūrio padažas, salsa, jalapeno', 6.50, 9),
('Smulkūs koldūnai', 'Kepti, su česnakiniu padažu', 6.20, 9),
('Sūrio pyragas', 'Klasikinis keptas cheesecake', 4.90, 10),
('Tiramisu', 'Kavos desertas su mascarpone', 5.20, 10),
('Obuolių pyragas', 'Su cinamonu ir ledais', 4.80, 10),
('Šokoladinis fondantas', 'Karštas, su vaniliniais ledais', 5.50, 10),
('Panna Cotta', 'Grietinėlės desertas su uogomis', 4.90, 10),
('Ledų rinkinys', '3 skonių', 4.20, 10),
('Espresso', 'Juoda kava', 2.20, 11),
('Americano', 'Juoda kava, didesnis kiekis', 2.50, 11),
('Cappuccino', 'Su pieno puta', 3.20, 11),
('Latte', 'Švelni pieno kava', 3.50, 11),
('Karšta kakava', 'Su plakta grietinėle', 3.20, 11),
('Žalioji arbata', 'Puodelis žaliosios arbatos', 2.00, 11),
('Vanduo negazuotas 0.5l', 'Stiklinis butelis', 1.80, 12),
('Vanduo gazuotas 0.5l', 'Stiklinis butelis', 1.90, 12),
('Coca-Cola 0.33l', 'Skardinė', 2.20, 12),
('Apelsinų sultys 0.3l', 'Šviežiai spaustos', 3.50, 12),
('Limonadas naminis 0.4l', 'Citrinos, mėtos, cukraus sirupas', 3.20, 12),
('Šaltos arbatos gėrimas', 'Persikų / citrinos', 2.70, 12),
('Šviesus alus 0.5l', 'Vietinis kraftinis', 4.00, 13),
('Tamsus alus 0.5l', 'Karamelinis skonis', 4.20, 13),
('Raudonas vynas taurė', 'Sausas, itališkas', 5.50, 13),
('Baltas vynas taurė', 'Gaivus, prancūziškas', 5.50, 13),
('Prosecco taurė', 'Putojantis vynas', 6.20, 13),
('Margarita', 'Tekila, triple sec, laimas', 7.50, 13),
('Mojito', 'Romas, mėtos, laimas, soda', 7.20, 13),
('Airiška kava', 'Kava su viskiu ir grietinėle', 6.80, 13);
INSERT INTO parduoti_patiekalai (pardavimai_id, patiekalai_id, kiekis) VALUES
(1, 16, 2),
(1, 76, 1),
(2, 16, 2),
(2, 43, 1),
(2, 66, 1),
(2, 72, 1),
(3, 42, 1),
(3, 76, 1),
(4, 16, 2),
(4, 68, 1),
(4, 72, 1),
(5, 16, 2),
(5, 43, 2),
(5, 15, 1),
(5, 76, 1),
(5, 70, 1),
(6, 20, 1),
(7, 16, 2),
(7, 43, 1),
(7, 41, 1),
(7, 76, 1),
(8, 16, 2),
(8, 33, 1),
(8, 76, 1),
(9, 20, 1),
(9, 72, 1),
(10, 16, 2),
(10, 43, 1),
(10, 41, 1),
(11, 16, 1),
(11, 33, 1),
(11, 50, 1),
(11, 59, 1),
(12, 16, 1),
(12, 19, 1),
(12, 34, 1),
(12, 77, 1),
(13,  9, 1),
(13,  3, 1),
(13,  5, 1),
(14, 16, 1),
(14, 43, 1),
(14, 42, 1),
(14, 45, 1),
(14, 44, 1),
(14, 34, 1),
(14, 50, 1),
(14, 78, 1),
(14, 67, 1),
(15, 15, 1),
(15, 14, 1),
(15, 21, 1),
(15, 70, 1),
(16, 16, 1),
(16, 42, 1),
(16, 14, 1),
(16, 21, 1),
(17, 16, 1),
(17, 71, 1),
(18, 16, 1),
(18, 42, 1),
(18, 14, 1),
(18, 22, 1),
(18, 71, 1),
(19, 16, 1),
(19, 43, 1),
(19, 42, 1),
(19, 45, 1),
(19, 14, 1),
(19, 67, 1),
(20, 16, 1),
(20, 17, 1),
(20, 50, 1),
(21, 12, 3),
(21, 45, 1),
(21, 32, 1),
(22,  7, 1),
(22, 58, 1),
(22,  2, 1),
(23, 16, 1),
(23, 43, 1), 
(23, 42, 1),
(23, 22, 1), 
(23, 59, 1),
(24, 16, 1),
(24, 43, 1),
(24, 42, 1),
(24, 45, 1),
(24, 14, 1),
(24, 41, 1),
(24, 12, 1),
(24, 42, 1),
(25, 16, 1),
(25, 14, 1),
(25, 33, 1),
(26, 16, 1),
(26, 42, 1),
(26,  7, 1),
(26, 12, 1),
(27, 50, 1),
(27, 47, 1),
(27, 65, 1),
(28, 42, 1),
(28, 34, 1),
(28, 50, 1),
(28, 21, 1),
(28, 12, 1),
(28, 11, 1),
(29, 20, 1),
(29, 12, 1),
(29, 33, 1),
(29, 14, 1),
(29, 24, 1),
(30, 16, 2),
(30, 42, 1),
(30, 22, 1),
(30, 11, 1),
(30, 58, 1), 
(31, 16, 1),
(31, 41, 1),
(31, 34, 1),
(31, 67, 1),
(31, 69, 1),
(32,  8, 1),
(32,  6, 1),
(32, 77, 1),
(33, 16, 1),
(33, 43, 1),
(33, 42, 1),
(33, 45, 1),
(33, 41, 1),
(33, 44, 1),
(33, 34, 1),
(33, 21, 1),
(33, 32, 1),
(34, 16, 1),
(34, 42, 1),
(34, 45, 1),
(34, 34, 1),
(34, 12, 1),
(34, 70, 1),
(35, 16, 1),
(35, 42, 1),
(35, 33, 1),
(35, 50, 1),
(36, 16, 1),
(36, 42, 1),
(36, 45, 1),
(36, 41, 1),
(36, 34, 1),
(36, 50, 1),
(36, 74, 1),
(37, 16, 1),
(37, 43, 1),
(37, 42, 1),
(37, 29, 1),
(38, 50, 1),
(38, 10, 1),
(39, 16, 1),
(39, 43, 1),
(39, 14, 1),
(39, 79, 1),
(39,  3, 1),
(40, 16, 1),
(40, 43, 1),
(40, 42, 1),
(40, 45, 1),
(40, 12, 1),
(40, 10, 1),
(41, 16, 1),
(41, 41, 1),
(41, 14, 1),
(41, 59, 1),
(41, 76, 1),
(42, 16, 1),
(42, 43, 1),
(42, 42, 1),
(42, 45, 1),
(42, 12, 1),
(42,  1, 1),
(42, 62, 1),
(43, 22, 1),
(43, 54, 1),
(43, 69, 1),
(44, 16, 1),
(44, 39, 1),
(44, 22, 1),
(44, 76, 1),
(45, 16, 2),
(45, 19, 1),
(45, 21, 1),
(46, 16, 1),
(46, 43, 1),
(46, 44, 1),
(46, 34, 1),
(46, 22, 1),
(46, 71, 1),
(47, 12, 1),
(47, 54, 1),
(47,  2, 1),
(48, 16, 1),
(48, 43, 1),
(48, 14, 1),
(48,  8, 1),
(48, 72, 1),
(49, 16, 1),
(49, 41, 1),
(49, 34, 1),
(49, 21, 1),
(49, 32, 1),
(50, 16, 2),
(50, 43, 1),
(50, 16, 1),
(50, 45, 1),
(50, 34, 1),
(50, 50, 1),
(50, 21, 1),
(51,  7, 1),
(51, 54, 1),
(51, 66, 1),
(52, 41, 1),
(52, 14, 1),
(52, 50, 1),
(52, 10, 1),
(53, 16, 1),
(53, 43, 1),
(53, 45, 1),
(54, 42, 2),
(54, 45, 1),
(54, 34, 1),
(54, 21, 1),
(54, 50, 1),
(55, 42, 1),
(55, 45, 1),
(55, 12, 1),
(55, 22, 1),
(56, 20, 1),
(56, 77, 1),
(57, 41, 1),
(57, 14, 1),
(57, 50, 1),
(58, 42, 1),
(59, 16, 1),
(59, 43, 1),
(59, 14, 1),
(59, 27, 1),
(60, 16, 1),
(60, 21, 1),
(60, 50, 1),
(60, 74, 1),
(61, 13, 1),
(61, 26, 1),
(61, 31, 1),
(62, 16, 1),
(62, 43, 1),
(62, 15, 1),
(62, 42, 1),
(62, 21, 1),
(62, 27, 1),
(63, 7, 1),
(63, 18, 1),
(64, 13, 1),
(64, 14, 1),
(64, 9, 1),
(64, 7, 1),
(65, 42, 1),
(65, 17, 1),
(65, 13, 1),
(66, 50, 1),
(66, 18, 1),
(67, 16, 1),
(67, 43, 1),
(67, 45, 1),
(67, 14, 1),
(68, 13, 1),
(68, 14, 1),
(68, 50, 1),
(68, 40, 1),
(69, 20, 1),
(70, 16, 1),
(70, 15, 1),
(71, 42, 1),
(71, 43, 1),
(71,  2, 1),
(72, 16, 2),
(72, 15, 1),
(72, 42, 1),
(73, 26, 1),
(73,  5, 1),
(74, 16, 1),
(74, 15, 1),
(74, 20, 1),
(75, 16, 1),
(75, 21, 1),
(75,  1, 1),
(76, 15, 2),
(76, 17, 1),
(76, 42, 1),
(77, 19, 1),
(77, 84, 1),
(78, 43, 1),
(78, 15, 1),
(78,  9, 1),
(79, 43, 1),
(79, 15, 1),
(79, 12, 1),
(79,  1, 1),
(80, 16, 3),
(80,  3, 1),
(80,  1, 1),
(81, 15, 6),
(81, 16, 1),
(81, 18, 1),
(81, 66, 1),
(81, 76, 1),
(82, 15, 6),
(82, 16, 2),
(82, 17, 2),
(82, 65, 1),
(82, 66, 1),
(83, 15, 5),
(83, 18, 1),
(83, 66, 2),
(83, 70, 1),
(84, 15, 6),
(84, 16, 2),
(84, 17, 6),
(84, 18, 3),
(84, 65, 2),
(84, 72, 1),
(84, 70, 1),
(85, 15, 6),
(85, 17, 1),
(85, 65, 1),
(85, 72, 1),
(85, 76, 1),
(86, 15, 6),
(86, 16, 2),
(86, 17, 6),
(86, 18, 6),
(86, 19, 1),
(86, 21, 1),
(86, 65, 1),
(87, 15, 6),
(87, 16, 1),
(87, 18, 1),
(87, 65, 1),
(87, 66, 1),
(87, 76, 1),
(88, 15, 6), 
(88, 16, 2),
(88, 17, 2),
(88, 18, 1),
(88, 65, 1),
(88, 66, 1),
(89, 16, 8),
(89,  2, 1),
(89, 71, 1),
(90, 15, 6),
(90, 16, 2),
(90, 17, 6),
(90, 18, 6),
(90, 19, 4),
(90, 23, 1),
(90, 10, 1),
(91, 43, 2),
(91, 15, 1),
(91,  1, 1),
(91, 72, 1),
(92, 43, 2),
(92, 15, 2),
(92,  2, 1),
(93, 43, 2),
(93, 15, 3),
(93, 14, 1),
(94, 43, 2),
(94, 72, 1),
(94, 71, 1),
(95, 43, 2),
(95, 15, 1),
(95,  6, 1),
(96, 43, 2),
(96, 15, 3),
(96, 41, 1),
(96, 67, 1),
(97, 43, 1),
(97, 41, 1),
(97, 72, 1),
(98, 43, 2),
(98, 15, 2),
(98,  7, 1),
(99, 43, 2),
(99,  5, 1),
(99, 71, 1),
(100, 43, 2),
(100, 15, 4),
(100, 42, 1),
(100, 71, 2);
